id,name,definition_line,reference_lines
1,CG_LOGIN_PLAYERCHECK,21921,21921;102678
2,CG_LOGIN_ACTORENTER,21922,21922;101654;102812
3,CG_LOGIN_ACTORLEAVE,21923,20707;21923;101655;103048
5,CG_ERROR_NOTIFY,21924,21924;141002
7,CG_LOGIN_ACTORENTER_AGAIN,21925,21925;102681
10001,CG_LOGIN_ACTORLIST,21926,21926;101653;102736
10002,CG_LOGIN_CREATEACTOR,21927,21927;101656;102750
10003,CG_LOGIN_DELETEACTOR,21929,19332;21929;31894
10004,CG_LOGIN_RECOVERACTOR,21930,19336;21930
10005,CG_LOGIN_CREATEACTOR_AUTO,21931,21931;31850;102740;148899;148969
10006,CG_CHANGE_ACCOUNT,21932,20301;21932
10007,CG_CHANGE_ACTOR,21933,20293;21933
10008,CG_BIND_PHONE,21934,21934;31851
10009,CG_ACTOR_PROTECT_LOCK_OPEN,22030,22030;31813
10010,CG_BIND_EMAIL,21983,21983;31852
10011,CG_BIND_SETTING,21984,21984
10012,CG_LOGIN_AD,21985,21985
10014,CG_BIND_CARD,21986,21986;31882
10015,CG_GUIDE_STATUE_RANDOM_NAME,21928,21928;101658;102793
10018,CG_BIND_PHONE_NEW,21935,21935
10019,CG_BIND_IDCARD,21936,21936
10020,CG_GAME_TIMEOUT,21937,21937
10021,CG_CHEAK_PREVENTION_OF_ADDICTION,22585,22585
10022,CG_GET_GAME_TIME,21938,21938;135721
10023,CG_GET_NOTICE_INFO,21939,21939;141318
10030,CG_LOGIN_ACTORLIST_INFO,22638,22638;79821
10501,CG_SCENE_ENTERMAP,21940,21940;169456
10502,CG_SCENE_LEAVEMAP,21941,21941;169466
10503,CG_SCENE_WORLDDATA,21942,21550;21942;88580;169451
10504,CG_SCENE_PLAYER_MOVING,21943,19344;21943;169706
10505,CG_SCENE_GET_OTHER_PLAYER_STATE,21944,19348;21944;169471;169848
10506,CG_SCENE_GO_MAP,21945,21945;169449;169716
10507,CG_SCENE_PLAYER_ICON,21946,21946;169486
10508,CG_SCENE_PLAYER_EVENT,21947,20027;21947;169491
10509,CG_SCENE_SHOW_TEXT,21950,21950;148920
10510,CG_SCENE_GO_CITY,21956,21575;21956
10511,CG_CITY_INFO,21957,19340;21957
10512,CG_CITY_EXTRACT_MONEY,21958,20031;21958;135423
10513,CG_CITY_CHANGE_NAME,21959,20035;21959;135452
10514,CG_CITY_CHANGE_SIGN,21960,20039;21960;135441
10515,CG_CITY_MAP_REFRESH,21961,21961
10516,CG_SCENE_UPDATE,21962,21962;169504
10517,CG_SCENE_SETREBORNMAP,21963,20043;21963;169500
10518,CG_SCENE_FINDPATH_MISSION,21964,19469;19479;21964;169481
10519,CG_SCENE_GETNPC,21965,19452;21965
10520,CG_SCENE_GETSPR,21966,21966
10521,CG_SCENE_WORLDMAP,21967,19483;21967;76456;96626
10522,CG_SCENE_WORLDMAP_DATA,21968,19487;21968;31781;76505;96675
10523,CG_SCENE_WORLDMAP_ENTER,21969,19491;21969;31782;76553;96723
10524,CG_SCENE_GO_MAP_VIP,21970,19495;21970;31783
10525,CG_SCENE_GO_MAP_UPGRADE,21971,21971;92360
10527,CG_SCENE_FINDPATH_AGAIN,21972,21972;169495
10534,CG_SCENE_GET_PET_RESOURCE,21973,21973
10535,CG_SCENE_GET_PET_RESOURCE_ID,21974,21974
10536,CG_SCENE_GET_IMAGE_RESOURCE,22584,22584
11002,CG_MAIL_STATISTICS,21975,19576;21975
11003,CG_ACTOR_ADDATTRIBUTE,21976,19500;21976;88533
11004,CG_ACTOR_ATTRIBUTE_UPDATE,21977,21977;38819;141037
11005,CG_ACTOR_STATUS_CHANGE,21979,21979;169505
11006,CG_ACTOR_SETTING,21980,20285;21980
11007,CG_MAIL_LIST,21981,19568;21981
11008,CG_MAIL_DETAIL,21982,19572;21982;65961
11009,CG_MAIL_SEND,21988,19636;21988;65549
11010,CG_MAIL_SEND_SERVICE,21992,19675;21992;136933
11011,CG_MAIL_EXTRACT_ATTACHMENT,21993,19696;21993;66000
11012,CG_MAIL_TURNBACK,21994,19679;21994;65726
11013,CG_MAIL_DELETE,21995,19683;21995;65682;65699
11014,CG_MAIL_NOTIFY,21996,21996;136936
11015,CG_ALBUMS_PHOTO_DELETE,21997,21997
11016,CG_ALBUMS_COMMENT_SIMPLE,21998,21998
11017,CG_ALBUMS_COMMENT_WORD,21999,21999
11018,CG_ALBUMS_LOVE,22000,22000
11019,CG_ALBUMS_CHECK,22001,22001
11020,CG_ALBUMS_LIST,22002,22002
11021,CG_CARD_GENERATE,22003,22003
11022,CG_CARD_GET,22004,22004
11023,CG_ACHIEVEMENT_GETINFO,22005,20269;22005;170609
11024,CG_ACHIEVEMENT_GETLIST,22006,20273;22006;170614;170818;170828
11025,CG_ACHIEVEMENT_GAINREWARD,22007,22007;170697;170705;170715;170723
11026,CG_TITLE_GETLIST,22008,20277;22008;170619;170663
11027,CG_TITLE_USE,22010,22010;170634;170637
11028,CG_BILL_GETLIST,22011,20265;22011
11029,CG_BILL_DOCARDPAY,22012,22012;31840
11030,CG_BILL_DOALIPAY,22013,22013;31841
11031,CG_MAIL_OPEN,22014,19687;22014;31845;136932
11032,CG_BILL_TENCENT,22015,22015
11033,CG_BILL_NINEONE,22017,22017;31856
11034,CG_MAIL_GETITEMDETAIL,22018,19691;22018;31770;31796
11035,CG_BILL_GFAN,22019,22019
11036,CG_BILL_GFAN_CONFIRM,22020,22020
11037,CG_ACTOR_ATTRIBUTE_UPDATE_STRING,22021,22021;141040
11038,CG_ACTOR_CHANGE_NAME,22022,20297;22022
11039,CG_ACTOR_SELL_MY_LIST,22023,22023;34644
11040,CG_ACTOR_SELL_START,22024,22024;31809;34731
11041,CG_ACTOR_SELL_CANCEL,22025,22025;31810;34772
11042,CG_ACTOR_SELL_LIST,22026,22026;34804
11043,CG_ACTOR_PROTECT_LOCK_SET,22027,22027
11044,CG_ACTOR_PROTECT_LOCK_MODIFY,22028,22028;31812
11045,CG_ACTOR_PROTECT_LOCK_CHANCLE,22029,22029;31811
11047,CG_ACTOR_PROTECT_LOCK_RESET,22031,22031
11048,CG_ACTOR_SELL_BUY,22032,22032;31814;34897
11049,CG_ACTOR_SELL_SEE,22033,22033;31815;34450
11050,CG_ACTOR_SEE_ACHIEVEMENT,22034,22034;71663
11051,CG_MAIL_REPORT,21987,21987;31816;65674;136934
11053,CG_VIP_LIST,22064,22064;126717;128093
11054,CG_VIP_BUY,22065,22065;31822;126722;128242
11055,CG_VIP_INFO,22066,22066;126727;128299
11056,CG_VIP_QUESTION_GET,22071,22071;31823;34222;34225
11057,CG_VIP_QUESTION_SUB,22072,22072;31824;34287;34290
11058,CG_VIP_BUY_NOTIFY,22073,22073
11059,CG_BILL_UC_JAVA,22074,22074;31857
11060,CG_ACTOR_ACCEPTDISCIPLE_START,22115,22115;31825;158188;158259
11061,CG_ACTOR_ACCEPTDISCIPLE_CANCEL,22116,22116
11062,CG_ACTOR_ACCEPTDISCIPLE_LIST,22117,22117;158184;158235
11063,CG_ACTOR_LOTTERY_DRAW,22118,22118;91821
11064,CG_ACTOR_LOTTERY_DRAW_LIST,22119,22119;91542
11065,CG_ACTOR_LOTTERY_DRAW_WINNING_LIST,22120,22120;91918
11066,CG_BILL_UC_ANDRIOD,22075,22075;31859
11067,CG_BILL_UC_DEFINE,22076,22076
11071,CG_ACTOR_LOGIN_REWARDS_LIST,22107,22107
11072,CG_BILL_UC_ANDRIOD_NEW,22077,22077;31860
11073,CG_ACTOR_LOGIN_REWARDS_ACQUIRE,22108,22108
11075,CG_ACTOR_LOGIN_REWARDS,22109,22109
11077,CG_SYSTEM_GUIDE,22110,22110
11078,CG_BILL_DESCRIBE,22111,20261;22111;31828;146087;146401
11080,CG_VIP_BUY_CQ,22112,22112
11081,CG_BILL_UC_NEW_JAVA,22078,22078;31858
11083,CG_BILL_ACHIEVEMENT_GETLIST,22113,22113;146092;146428
11089,CG_BILL_TENCENT_NEW,22016,22016
11090,CG_BILL_QIHOO,22079,22079;31842
11092,CG_BILL_CMCC,22080,22080;31883
11097,CG_ACTOR_IS_TOURIST,22081,22081
11098,CG_BILL_SAMSUNG_UNIONPAY_GETBILLDEFINE,22082,22082
11099,CG_BILL_SAMSUNG_UNIONPAY_BILLING,22083,22083
11101,CG_BILL_CMCC_MM__BILLING,22084,22084
11102,CG_BILL_TELECOM,22085,22085
11103,CG_BILL_UNICOM,22086,22086
11105,CG_BILL_LINK_ONLINE,22087,22087;31889
11106,CG_ACTOR_LOTTERY_DRAW_LIST_NEW,22121,22121;64668
11107,CG_ACTOR_LOTTERY_DRAW_START_NEW,22123,22123;64882
11108,CG_ACTOR_LOGIN_ONLINE_REWARD,22088,22088;191376;192008
11109,CG_ACTOR_RECEIVE_ONLINE_REWARD,22089,22089;65176
11110,CG_SEND_ACCOST,22128,22128;141017
11111,CG_INITIATIVE_ACCOST,22129,22129;87178
11112,CG_SEND_INITIATIVE_ACCOST,22130,22130;141018
11113,CG_GET_ACCOST_MY_LIST,22131,22131;87204
11114,CG_SEND_FINISH_MISSION_LEARN_SKILL,22132,22132
11115,CG_ACTOR_LOGIN_LOTTERY_DRAW_NEW,22124,22124;141006
11116,CG_SEND_IS_OPEN,22090,22090;141000
11116,CG_SEND_IS_OPEN_WO,22127,22127
11120,CG_CHARGE_ACTIVITY_LIST,22133,22133;146082;146314
11121,CG_CHARGE_ACTIVITY_GET_GIFT,22134,22134;146359;146362
11125,CG_WO_REGISTRATION,22091,22091
11126,CG_WO_INTO_NET,22092,22092
11130,CG_COLOR_BOX,22093,22093
11142,CG_CHANGE_TURN_MONSTER,22094,22094;71924;126680
11148,CG_ACTOR_PROTECT_RESET_QUESTION_SEND,22097,22097
11149,CG_ACTOR_PROTECT_RESET_BY_QUESTION,22098,22098
11150,CG_COST_REWARD_LIST,22099,22099;72011
11151,CG_COST_REWARD_GET_REWARD,22100,22100;72148
11152,CG_BILL_SEND_DRAW_MESSAFE,22101,22101
11160,CG_VIP_UPGRADE,22068,22068;126732;128327
11161,CG_VIP_UPGRADE2,22069,22069;126737;128414;128476
11162,CG_CQVIP_INFO,22067,22067
11163,CG_LOOKUP_INSTRUCTOR,22070,22070;95842
11166,CG_ACTOR_MOVE_STORAGE_OPEN_INFO,22589,22589
11167,CG_ACTOR_OPEN_MOVE_STORAGE,22590,22590
11168,CG_ACTOR_TASK_RECORD_INFO,22596,22596
11169,CG_SHARE_CALL_BACK,22602,22602;141023;141138
11170,CG_ENTER_BY_SHARE,22603,22603;141027;141144
11171,CG_ACTOR_TASK_RECORD_INFO_NEW,22597,22597;201647;201682
11172,CG_ACTOR_CHARGE_MONEY,22601,22601;146107
11173,CG_MAIL_EXTRACT_ATTACHMENT_ALL,22604,22604;136940;137097
11174,CG_ACTOR_LOTTERY_DRAW_DESC,22122,22122;64619
11175,CG_FIRST_CHARGE_GIFT,22125,22125;200665
11200,CG_ACTOR_DAILY_CHECK_IN_LIST,22598,22598;84089
11201,CG_ACTOR_CHECK_IN_CLICK_EVENT,22599,22599;84141
11501,CG_SUIT_GETINFO,22035,19824;22035
11502,CG_ITEM_DECOM,22036,11835;22036;31797
11503,CG_COMPOSITE_SHOP,22037,8825;20118;22037;31798
11504,CG_COMPOSITE_DO,22038,20125;22038
11505,CG_COMPOSITE_CONFIRM,22039,20137;22039;31800
11506,CG_ASCENSION_STAR,22040,9541;22040
11507,CG_REPLACE_INLAY_GEM,22041,11646;22041;31827
11508,CG_REPLACE_INLAY_GEM_ASK,22042,11735;22042
11509,CG_COMPOSITE_PET_SHOP,22044,22044;60588
11510,CG_COMPOSITE_PET_GRADE,22045,22045;31876;60922
11511,CG_COMPOSITE_PET_DO,22046,22046;31877;60742
11512,CG_COMPOSITE_PET_CONFIRM,22047,22047;31879;60867
11513,CG_COMPOSITE_PET_PROMPTLY,22048,22048;31878;60792
11514,CG_FURNACE_OPEN_SHOP,22049,22049;31884;87300
11515,CG_FURNACE_REFINE,22050,22050;31885;87523
11516,CG_FURNACE_INC_TOTAL_REFINE_NUM,22051,22051;31886;87634
11517,CG_FURNACE_BUY_CRAFTSMAN,22052,22052;31887;87432
11518,CG_FURNACE_LIST_ITEMINFO,22053,22053;31888;87666
11519,CG_ENCHANTS_ADD,22054,22054;62835;108084
11520,CG_ENCHANTS_EQUAL_SELF,22055,22055;63035;108284
11521,CG_ENCHANTS_GETLIST,22056,22056;62925;108174
11522,CG_ENCHANTSHOP_START,22057,19861;22057
11523,CG_ENCHANTSHOP_STOP,22058,19898;22058;163445;163852
11524,CG_ENCHANTSHOP_BUY,22059,22059;63153;108402
11525,CG_ENCHANTSHOP_LIST,22060,19906;22060
11526,CG_ENCHANTSHOP_SELLRECORD,22061,19925;22061
11527,CG_EQUIPMENT_UPGRADE,22062,22062;91105
11528,CG_ADVANCE_STAR,22063,9629;22063
11529,CG_COMPOSITE_DOS,22043,22043;90872
11530,CG_ILLUSION_LIST,22223,22223;126971
12001,CG_ACTOR_PLAYERBAG,22155,11130;20718;22155
12003,CG_BAG_CLEAN,22199,20738;22199;126695
12004,CG_ITEMSHOP_LIST,22200,19833;22200
12005,CG_ITEMSHOP_BUY,22201,19838;22201;50834
12006,CG_ITEMSHOP_SELL,22202,19410;22202;51004
12007,CG_PLAYERSHOP_START,22203,19878;22203
12008,CG_PLAYERSHOP_STOP,22204,19894;22204;163440;163812
12010,CG_PLAYERSHOP_LIST_GOODS,22205,19902;22205
12011,CG_PLAYERSHOP_BUY,22206,19911;22206
12012,CG_PLAYERSHOP_SELLRECORD,22207,19921;22207
12013,CG_PLAYERSHOP_SELL_NOTIFY,22208,22208;163450
12014,CG_PLAYERSHOP_SHOP_NOTIFY,22209,22209;163435
12015,CG_BAG_CHECKUP_ASK,22210,19399;22210;128079
12016,CG_ITEMTYPE_GETINFO,22211,20105;22211;31893
12017,CG_STORAGE_LIST,22212,20051;22212;31853
12018,CG_STORAGE_OPER,22213,20067;20071;22213;31829
12019,CG_BAG_REPAIR,22214,11026;13169;22214;31833
12020,CG_ITEMSHOP_LIST_SCORE,22215,8770;20141;22215;31799
12021,CG_ITEMSHOP_BUY_SCORE,22216,20145;22216;163687
12022,CG_ITEM_PET_ADD_SKILL,22217,9169;22217;31826
12023,CG_BAG_REPAIR_BY_TEAM,22218,22218
12024,CG_STORAGE_LIST_VIP,22219,20055;22219;31870
12025,CG_STORAGE_OPER_VIP,22220,20077;20081;22220;31871
12026,CG_STORAGE_CLEAN,22221,22221;48704
12027,CG_EQUIP_TASK_GET_ITEM,22222,22222;126675
12029,CG_GET_AWARD_ITEM,22224,22224;31880
12030,CG_GET_RANDOM_NPC_AWARD,22225,22225;31881
12031,CG_USE_TASK_GET_PET,22226,22226
12032,CG_USE_NEW_GET_PET,22227,22227;128726;128729
12033,CG_USE_NEW_GET_RIDE,22228,22228
12034,CG_GET_PET,22229,22229;128681;128684
12035,CG_GET_RIDE,22230,22230
12036,CG_GET_AUTO_SELL_LIST,22231,22231;163429;163461
12037,CG_AUTO_SELL,22232,22232;163433;163497
12039,CG_CHEST_USE_HIGH_KEY,22233,10941;22233
12040,CG_IDENTIFY_USE_HIGH_KEY,22234,11334;22234
12041,CG_IDENTIFY_GET_LIST,22235,22235;48771;48829;48887
12042,CG_TURN_MONSTER_CARD,22102,22102;71841
12043,CG_TURN_MONSTER_NOTIFY,22103,22103
12044,CG_MOBILE_TRAFFIC_CARD,22104,22104
12049,CG_ACTOR_COMBATPOWER,22236,22236;88539
12050,CG_STORAGE_LIST_HIGH_VIP,22237,20063;22237;31872
12051,CG_STORAGE_OPER_HIGH_VIP,22238,20087;20091;22238;31873
12052,CG_PLAYER_MAX_VIP,22239,20059;22239
12053,CG_STORAGE_LIST_MOVEWAREHOUSE,22591,22591
12054,CG_STORAGE_BAG_MOVE,22592,22592
12055,CG_STORAGE_OPER_MOVE,22593,22593
12056,CG_STORAGE_OPER_MOVE_VIP,22594,22594
12057,CG_STORAGE_OPER_MOVE_HIGH_VIP,22595,22595
12058,CG_BAG_SIZE,22627,22627;126670
12059,CG_ALL_EQUIP,22628,22628;126834
12060,CG_EQUIP_IDENTIFY_ATTR,22630,21817;22630
12061,CG_PET_EQUIP_LV_INFO,22631,21821;22631
12062,CG_BOX_CHOOSE_ONE_INFO,22164,22164;48635
12063,CG_BOX_CHOOSE_ONE_CONFIRM,22165,22165;145656
12100,CG_PUSH_GAIN_ITEM_INFO,22600,22600;126690
12501,CG_FIGHT_ENTER_LOCALBATTEL,22240,19352;22240
12502,CG_FIGHT_RUN_LOCALBATTLE,22241,22241;104709;131727
12503,CG_FIGHT_ENTER_REMOTEBATTLE,22243,19356;22243;131731
12504,CG_FIGHT_ENTER_BATTLE_NOTIFY,22244,22244;131739
12505,CG_FIGHT_BATTLE_DOPLAN,22245,19368;22245
12506,CG_FIGHT_BATTLE_UPDATE,22246,19391;22246;131743
12507,CG_FIGHT_PK_ASK,22248,20281;22248;131754
12508,CG_FIGHT_SEE_IN,22249,19360;22249;131735
12509,CG_FIGHT_SEE_OUT,22250,19364;22250;131751
12510,CG_FIGHT_ENTER_PLAYER_REMOTEBATTLE,22254,22254;171364;171525
12511,CG_FIGHT_ENTER_PLAYER_REMOTEBATTLE_LIST,22255,22255;171369;171509
12512,CG_FIGHT_ENTER_PLAYER_BATTLE_NOTIFY_LIST,22256,22256;171374
12513,CG_FIGHT_ENTER_PLAYER_DATA,22257,22257;171379;171461
12514,CG_FIGHT_ENTER_PLAYER_REMOTEBATTLE_EXIT,22258,22258;171384;171442
12515,CG_FIGHT_ENTER_PLAYER_EXIT_NOTIFY,22259,22259;171389
12516,CG_FIGHT_ENTER_PLAYER_NOTIFY,22260,22260;171394;171400
12517,CG_FIGHT_ENTER_COMPTITION,22261,22261
12518,CG_FIGHT_EXIT_COMPTITION,22262,22262
12519,CG_FIGHT_SAVE_ADJUST,22263,22263
12520,CG_FIGHT_SHOW_RANK,22264,22264
12521,CG_FIGHT_ADD_FIGHT_COUNT,22265,22265
12522,CG_FIGHT_CREATE_COMPITION,22266,22266
12523,CG_FIGHT_CLEAR_INTERVAL,22267,22267
12524,CG_FIGHT_REFRESH_COMPITION,22268,22268
12525,CG_FIGHT_ACTIVE_COMPITION,22269,22269
12533,CG_FIGHT_RUN_LOCALBATTLE_CESHI,22242,22242;131747
12533,CG_PET_PK_BATTLE_DO_PLAN,22247,19382;22247
12534,CG_OVER_ROUND,22253,22253;131770;132437
12540,CG_FIGHT_GET_CROSSSERVER_MAP_INFO,22607,22607;205312
12541,CG_FIGHT_OPEN_CROSSSERVER_MAP,22608,22608;205343
12542,CG_FIGHT_CREATE_CROSSSERVER_TEAM,22609,22609;205375
12543,CG_FIGHT_ADD_CROSSSERVER_TEAM,22610,22610;205409
12544,CG_FIGHT_LEAVE_CROSSSERVER_TEAM,22611,22611;205440
12545,CG_FIGHT_REFRESH_CROSSSERVER_TEAM,22612,22612;205149;205471
12546,CG_FIGHT_GO_CROSSSERVER_MAP,22613,22613;205508
12547,CG_FIGHT_NOTICE_GO_MAP,22614,22614;205152
12548,CG_FIGHT_GET_CROSSSERVER_TEAM_INFO,22615,22615;205540
12549,CG_FIGHT_DELETE_CROSSSERVER_TEAM_PLAYER,22616,22616;205589
12550,CG_FIGHT_DISBAND_CROSSSERVER_TEAM,22617,22617;205624
12551,CG_FIGHT_PUSH_CROSSSERVER_MAP_INFO,22618,22618;205154
12552,CG_FIGHT_RANDOM_JOIN_CROSSSERVER_TEAM,22619,22619;205658
12553,CG_FIGHT_SET_CROSSSERVER_TEAM_CAPTAIN,22620,22620;205687
12554,CG_FIGHT_ASK_CROSSSERVER_TEAM,22621,8345;22621
12555,CG_CROSSERVER_DUNGEON_AUTO_RECRUIT,22622,22622
12556,CG_CROSSERVER_DUNGEON_SPEAKER_USETIME,22623,22623
12557,CG_CROSSSERVER_DUNGEON_PLAYER_LEAVE,22624,22624
12558,CG_CROSSSERVER_DUNGEON_OPENMAP_CHECKBOX,22625,22625
12559,CG_CROSSSERVER_DUNGEON_OPENMAP_RETURN,22626,22626
13001,CG_MONSTER_BOOK_LIST,22277,21671;22277
13002,CG_MONSTER_BOOK_DETAIL,22278,22278
13101,CG_CLIMB_TOWER_MONSTER,22634,22634;218605;218662
13110,CG_PIONEER_ROLE_INFO,22325,19816;22325;34967
13111,CG_PIONEER_BATTLE_REPLAY,22251,22251;131760;132396
13112,CG_PIONEER_REPLAY_UPDATE,22252,22252;131765;132445
13121,CG_MONSTER_GROUP,22635,22635;141087;141541
13501,CG_TEAM_INVITE,22279,20110;22279;141012
13502,CG_TEAM_JOIN,22283,22283;171974
13503,CG_TEAM_LEAVE,22284,22284;171975
13504,CG_TEAM_CHANGE_CAPTAIN,22285,22285;171981
13505,CG_TEAM_DISBAND,22286,22286;171984
13506,CG_TEAM_SET,22287,21602;22287;33924;33951;33976;34026
13507,CG_TEAM_LEAVE_SELF,22292,20114;22292;171977
13508,CG_TEAM_NEW,22293,22293;171973
13509,CG_CHAT_SUBMIT,22294,19538;22294;134668
13510,CG_CHAT_DOWN_WORLD,22295,22295;134624;134711
13511,CG_CHAT_DOWN_MAP,22296,22296;134629;134716
13512,CG_CHAT_DOWN_COUNTRY,22297,22297;134634;134721
13513,CG_CHAT_DOWN_TEAM,22298,22298;134639;134727;134806;134810
13514,CG_CHAT_DOWN_PRIVATE,22299,22299;134644;134732;134807;134814
13515,CG_CHAT_DOWN_SYSTEM,22300,22300;134649;134692;134758;134822
13516,CG_EXCHANGE_FIND_SELLGOODS,22308,19929;22308
13517,CG_EXCHANGE_BUY_SELLGOODS,22309,19963;22309
13518,CG_EXCHANGE_SUBMIT_SELLGOODS,22310,19948;22310
13519,CG_EXCHANGE_RETRIEVE_SELLGOODS,22311,19959;22311
13520,CG_EXCHANGE_MY_SELLGOODS,22312,19943;22312
13521,CG_EXCHANGE_SUBMIT_PURCHASEGOODS,22313,20010;22313
13522,CG_EXCHANGE_CANCEL_PURCHASEGOODS,22314,20016;22314
13523,CG_EXCHANGE_EXTRACT_PURCHASEGOODS,22315,20022;22315
13524,CG_EXCHANGE_MY_PURCHASEGOODS,22316,19999;22316
13525,CG_EXCHANGE_FIND_PURCHASEGOODS,22317,19967;22317
13526,CG_EXCHANGE_PROVIDE_PURCHASEGOODS,22318,19980;22318
13527,CG_EXCHANGE_AUTOPROVIDE_PURCHASEGOODS,22319,19987;22319
13528,CG_EXCHANGE_PURCHASEGOODS_TYPELIST,22320,20004;22320
13529,CG_RELATION_LIST,22321,19738;22321
13530,CG_RELATION_ADD,22322,19769;22322;31772
13531,CG_RELATION_DELETE,22323,19791;22323;31773
13532,CG_ACTOR_SEE,22324,19795;22324;47691;172810;172906;216168
13533,CG_RELATION_FLY,22327,20289;22327;158181
13534,CG_CHAT_SEE_ITEM,22328,20207;22328;31846
13535,CG_CHAT_SEN_MISSION,22329,20216;22329;31847
13536,CG_RELATION_MASTER_ADD,22330,19783;22330;31849;34116
13537,CG_RELATION_MASTER_DELETE,22331,19787;22331;34158
13538,CG_PARTNER_FLY,22332,20383;22332;31801;158182
13539,CG_RELATION_PARTNER_ADD,22333,20387;22333
13540,CG_RELATION_PARTNER_DELETE,22334,20391;22334;31802
13541,CG_TOP_TYPE_LIST,22336,22336;170013;170029
13542,CG_TOP_DATA_LIST,22337,22337;170018;170062
13543,CG_TOP_ME,22338,22338;170023;170114
13544,CG_MIX_SERVER_ACTIVITY_ACTOR_JOIN,22339,22339;31864;108742
13545,CG_MIX_SERVER_ACTIVITY_ACTOR_CANCEL,22340,22340;31865;108778
13546,CG_MIX_SERVER_ACTIVITY_COUNTRY_JOIN,22341,22341;31866;108814
13547,CG_MIX_SERVER_ACTIVITY_COUNTRY_CANCEL,22342,22342;31867;108850
13548,CG_RELATION_ADD_REMARKS,22343,22343;47925;47929;95935
13549,CG_RELATION_DELETE_REMARKS,22344,22344
13550,CG_CHAT_DOWN_UNION,22301,22301;134654;134761
13551,CG_WEDDING_CARD_CONSULT,22306,22306;108479
13552,CG_WEDDING_CARD_SEND,22307,22307;108528
13553,CG_CHAT_DOWN_BATTLE,22302,22302
13554,CG_CHAT_DOWN_SERVERS,22303,22303;134663;134724
13555,CG_WEDDING_BLESSING,22345,21739;22345
13556,CG_BLESSING,22346,22346;87949
13557,CG_WEDDING_BEFORE,22335,22335;87815
13558,CG_BIG_RED_PACKET,22347,19556;22347;134922;134930;134934
13559,CG_ACTOR_SEE_SA_CROSS,22326,19799;22326;99211
13560,CG_CHAT_CROSS_CHANNEL,22304,22304;134659
13561,CG_TEAM_HELP,22305,21845;22305
14001,CG_SKILL_SHOP_LIST,22348,19510;22348;163566
14002,CG_SKILL_SHOP_LEARN,22349,19524;22349
14003,CG_SKILL_DELETE,22350,19514;22350;45701
14004,CG_SKILL_AUTO_ACTIVE,22351,20756;22351;45821
14005,CG_SKILL_AUTO_INVALID,22352,20757;22352;45823
14006,CG_SKILL_DELETE_BY_LEVEL,22353,19518;22353
14007,CG_SKILL_SCROLL_LEARN,22354,22354;31868;45473;45489
14008,CG_SKILL_SCROLL_LEARN_ASK,22355,22355;31869;45537;45545
14009,CG_SKILL_INITIATIVE_SET,22356,22356;31874;45849;45859
14010,CG_SKILL_INITIATIVE_CLEAN,22357,22357;31875;45884;45894
14011,CG_SKILL_UPDATE,22358,22358;88537
14012,CG_FORMATION_LEARN,22359,22359;45947;45952
14013,CG_FORMATION_FORGET,22360,22360;46031
14014,CG_FORMATION,22361,22361;88543
14015,CG_FORMATION_CHANGE_DEFAULT,22362,22362;45989;45993
14016,CG_SKILL_BOOK_LEARN,22363,22363;31891;46127;46143
14017,CG_SKILL_BOOK_LEARN_ASK,22364,22364;31892;46184;46195
14501,CG_TASK_GETMISSIONDATA,22365,19435;22365;169513
14502,CG_TASK_ACCEPT,22366,21440;22366
14503,CG_TASK_DELIVER,22367,19461;22367
14504,CG_TASK_ABANDON,22368,19465;22368;49778
14505,CG_TASK_NPC_STATUS,22369,22369;169476
14506,CG_TASK_ACCEPT_TEAM,22370,22370;150402
14507,CG_TASK_DELIVER_TEAM,22371,22371;150403
14508,CG_TASK_ESCORT_START,22374,22374;190171
14509,CG_TASK_ESCORT_CANCEL,22375,20241;22375
14510,CG_TASK_ESCORT_MOVE,22376,20229;22376
14511,CG_TASK_ESCORT_REFURBISH,22377,20233;22377;190176
14512,CG_TASK_OFFLINE_LIST,22372,20097;22372
14513,CG_TASK_OFFLINE_ACTIVATE,22373,20101;22373;31895
14514,CG_TASK_ESCORT_CHOICE_EVENT,22378,20237;22378
14515,CG_TASK_ESCORT_LIST,22379,20245;22379
14516,CG_TASK_ESCORT_ROB,22380,20253;22380
14517,CG_TASK_ESCORT_SEE,22381,20257;22381
14518,CG_TASK_TEAM_BOSS_JOIN,22383,20622;22383;190181
14519,CG_TASK_TEAM_BOSS_UPDATE,22384,22384;67117;190186
14520,CG_TASK_TEAM_BOSS_FIGHT,22385,20650;22385;31807
14522,CG_TASK_TEAM_BOSS_EXIT,22386,20646;22386;31806
14523,CG_TASK_TEAM_BOSS_END,22387,22387;190191
14524,CG_TASK_TEAM_BOSS_LEAVE_GRID,22388,20654;22388;31808;190196
14525,CG_TASK_ARENA_JOIN,22389,22389
14526,CG_TASK_ARENA_UPDATE,22390,20550;22390;184207
14527,CG_TASK_ARENA_FIGHT,22391,22391
14528,CG_TASK_ARENA_EXIT,22392,20554;22392;31774;31817
14529,CG_TASK_ARENA_END,22393,22393
14530,CG_TASK_ARENA_LEAVE_GRID,22394,22394
14531,CG_TASK_RANDOM_GET,22421,22421;31819;72588
14532,CG_TASK_RANDOM_FINISH,22422,22422;31820;72637;150378
14533,CG_TASK_RANDOM_CANCEL,22423,22423;31821;72627;150373
14534,CG_TASK_RANDOM_INFO,22424,22424;72539;150368
14535,CG_TASK_ESCORT_NEW_LIST,22382,20249;22382
14536,CG_TASK_ARENA_JOIN_NEW,22395,22395;64195
14537,CG_TASK_ARENA_ACTOR_LIST,22396,22396;64226
14538,CG_TASK_ARENA_PK,22397,22397;64415
14539,CG_TASK_ARENA_SEE_RANDOM,22398,22398;64448
14540,CG_TASK_ARENA_START,22399,22399;184208
14541,CG_TASK_COUNTRY_BOSS_JOIN,22400,22400;98116;176148
14542,CG_TASK_COUNTRY_BOSS_UPDATE,22401,20618;22401
14543,CG_TASK_COUNTRY_BOSS_FIGHT,22402,20638;22402;31764;31804
14544,CG_TASK_COUNTRY_BOSS_EXIT,22403,20626;22403;31803
14545,CG_TASK_COUNTRY_BOSS_END,22404,22404
14546,CG_TASK_COUNTRY_BOSS_LEAVE_GRID,22405,20642;22405;31805
14547,CG_TASK_COUNTRY_BOSS_JOIN_PUSH,22406,22406;173590
14548,CG_TASK_COUNTRY_BOSS_GET_SCORE,22407,22407
14549,CG_TASK_COUNTRY_BOSS_ACTIVATE,22408,22408;98403;176116
14550,CG_TASK_COUNTRY_BOSS_ACTIVATE_DATA,22409,22409;98396;176091
14551,CG_TASK_VITALITY_FIRST_OPEN,22410,22410;150383;150665
14553,CG_TASK_VITALITY_SHOW_REWARD,22411,22411;150388;150614
14554,CG_TASK_VITALITY_GET_REWARD,22412,22412;150559;150562
14555,CG_TASK_VITALITY_REMIND,22413,22413;150393
14556,CG_TASK_MILESTONE_OPEN,22415,22415
14557,CG_TASK_MILESTONE_SHOW_TYPE,22416,22416
14558,CG_TASK_MILESTONE_GET_PART,22417,22417
14559,CG_TASK_MILESTONE_GET_REWARD,22418,22418
14560,CG_TASK_MILESTONE_ON,22419,22419
14561,CG_TASK_MILESTONE_AB,22420,22420
14562,CG_TASK_VITALITY_FIRST_PUSH,22414,22414;150398
14563,CG_ACHIEVEMENT_GAINREWARD_PUSH,22009,22009;170624
14564,CG_TITLE_USE_CHANGE,22513,22513;169511
14565,CG_BATTLESPACE_APPLY,22548,22548
14566,CG_BATTLESPACE_SET_IN,22549,22549
14567,CG_FIGHT_EXIT_BATTLE,22550,22550
14568,CG_BATTLESPACE_TOWER_DEFENCE,22551,22551
14569,CG_BATTLESPACE_TOWER_ASSAULT,22552,22552
14570,CG_BATTLESPACE_TEAM_LOOK,22553,22553
14571,CG_BATTLESPACE_ESCORT_DATA,22554,22554
14572,CG_BATTLESPACE_NOTICE,22555,22555
14573,CG_BATTLESPACE_DEFENCE_LIST,22556,22556
14574,CG_BATTLESPACE_ASSAULT_LIST,22557,22557
14575,CG_BATTLESPACE_OVER_DATA,22558,22558
14576,CG_BATTLESPACE_TOWER_EXET,22559,22559
14577,CG_BATTLESPACE_OVER_DATA_INITIATIVE,22560,22560
14578,CG_BATTLESPACE_FORT_IN,22567,22567
14579,CG_BATTLESPACE_TOWER_LOSER,22568,22568
14580,CG_BATTLESPACE_TOWER_POINT_DATA,22569,22569
14581,CG_BATTLESPACE_FORT_OUT,22570,22570
14582,CG_BATTLESPACE_TOWER_DATE,22561,22561
14583,CG_BATTLESPACE_TOWER_TEAM_REPLACE,22562,22562
14584,CG_BATTLESPACE_ENTRY,22563,22563
14586,CG_BATTLESPACE_FORT_DURABILITY,22564,22564
14587,CG_BATTLESPACE_TEAM_REPLACE,22571,22571
14589,CG_BATTLESPACE_RANKLIST,22565,22565
14590,CG_BATTLESPACE_RONGYUDIAN,22566,22566
15001,CG_COUNTRY_CREATE,22425,20319;22425;31729
15002,CG_COUNTRY_CHECK,22426,20337;22426;31730
15003,CG_COUNTRY_ACTIVATE,22427,20315;22427;31731
15004,CG_COUNTRY_LIST,22428,20327;22428
15005,CG_COUNTRY_RECRUIT_OPEN,22429,21663;22429;31732
15006,CG_COUNTRY_RECRUIT_CLOSE,22430,21661;22430;31733
15007,CG_COUNTRY_SET_TAX,22431,20614;22431;31734
15008,CG_COUNTRY_SET_ENTRYTAX,22432,20630;22432;31735
15009,CG_COUNTRY_ENTER,22433,20323;22433;173609
15010,CG_COUNTRY_INVITE,22434,20634;22434;141012
15011,CG_COUNTRY_APPLY,22435,20311;22435
15012,CG_COUNTRY_APPLY_LIST,22436,20583;22436
15013,CG_COUNTRY_APPLY_HANDLE,22437,20666;22437;31736
15014,CG_COUNTRY_PEOPLE_REMOVE,22438,20682;22438;31737
15015,CG_COUNTRY_PEOPLE_LEAVE,22439,20562;22439;31738
15016,CG_COUNTRY_PEOPLE_LIST,22440,20572;22440
15017,CG_COUNTRY_MAP_CHANGE,22441,22441
15018,CG_COUNTRY_APOINT_PEOPLE,22442,20674;22442;31834
15019,CG_COUNTRY_KING_TRANSFER,22443,20678;22443;31759;31835
15020,CG_COUNTRY_BUILDING_UPGRADE,22444,20587;22444;31740
15021,CG_COUNTRY_BUILDING_REMOVE,22445,20591;22445;31741
15022,CG_COUNTRY_COMMAND_EXCUTE,22446,20658;20662;22446
15023,CG_COUNTRY_PEOPLE_DONATE,22447,20558;22447;31844
15024,CG_COUNTRY_DONATE_ITEM,22448,20349;22448;31754;31830
15025,CG_COUNTRY_DELETE_STORAGE_ITEM,22449,20353;22449;31756;31831
15026,CG_COUNTRY_GET_STORAGE_ITEM,22450,20345;22450;31753;31832
15027,CG_COUNTRY_EXCHAGE_STORAGE_ITEM,22451,20357;22451;31755
15028,CG_COUNTRY_GET_MISSION,22452,20599;22452;31743;31836
15029,CG_COUNTRY_ISSUE_MISSION,22453,20604;22453;31765;31838
15030,CG_COUNTRY_GET_ASSIGN_MISSION,22454,20369;22454;31747;31837
15031,CG_COUNTRY_GET_ASSIGN_PEOPLE,22455,20373;22455
15032,CG_COUNTRY_ASSIGN_MISSION,22456,21655;22456;31839
15033,CG_COUNTRY_GET_VALID_MISSION,22457,20361;22457;31745;31855
15034,CG_COUNTRY_MODIFY_NOTICE,22458,20341;22458;31739
15035,CG_COUNTRY_JOIN_NOTIFY,22459,22459;173594
15036,CG_COUNTRY_GET_ISSUE_MISSION,22460,20365;22460;31744;31843
15037,CG_COUNTRY_GET_MISSION_MAIN,22461,20595;22461;31746;31848
15038,CG_COUNTRY_GET_EXCHARGE_LIST,22462,20670;22462
15039,CG_COUNTRY_WAR_START,22463,20502;22463;173578
15040,CG_COUNTRY_WAR_UPDATE,22464,20514;22464;173582
15041,CG_COUNTRY_WAR_ARMY_LIST,22465,20530;22465;31762
15042,CG_COUNTRY_WAR_GOTO_CELL,22466,20526;22466;31760;31775
15043,CG_COUNTRY_WAR_NOTICE,22467,22467;173586
15044,CG_COUNTRY_WAR_COMMAND_LIST,22468,20534;22468
15045,CG_COUNTRY_WAR_COMMAND_USE,22469,20538;22469
15046,CG_COUNTRY_WAR_COUNTYR_LIST,22470,20498;22470
15047,CG_COUNTRY_WAR_CREATE,22471,20480;22471
15048,CG_COUNTRY_WAR_ANSWER,22472,20494;22472;31776
15049,CG_COUNTRY_WAR_BUILD_LIST,22473,20426;22473;31751;31779
15050,CG_COUNTRY_WAR_BUILD_UPDATE,22474,20430;22474;31752;31780
15051,CG_COUNTRY_WAR_ANSWER_GET_INFO,22475,20490;22475;31757;31778
15052,CG_COUNTRY_WAR_SEE_LIST,22476,20546;22476;31763;31777
15053,CG_COUNTRY_WAR_TEXT_LIST,22477,20542;22477;31761;31784
15054,CG_COUNTRY_WAR_TO_ARMY,22478,20410;22478;31749;31785
15055,CG_COUNTRY_WAR_TO_ARMY_LIST,22479,20418;22479
15056,CG_COUNTRY_WAR_TO_ARMY_ANSWER,22480,20422;22480;31786
15057,CG_COUNTRY_BUILD_CAMP,22481,20406;22481;31771;31787
15058,CG_COUNTRY_WAR_TO_FOREIGN,22482,20470;22482;31769;31788
15059,CG_COUNTRY_WAR_DELETE_ARMY,22483,20414;22483;31750;31789
15060,CG_COUNTRY_WAR_WIN_ACTION_INFO,22484,20506;22484;31758;31790
15061,CG_COUNTRY_WAR_WIN_ACTION_DO,22485,20510;22485;31791
15062,CG_COUNTRY_WAR_UNION_CREATE,22486,20434;22486;31748;31792
15063,CG_COUNTRY_WAR_UNION_LIST,22487,20438;22487
15064,CG_COUNTRY_WAR_UNION_MY,22488,20442;22488
15065,CG_COUNTRY_WAR_UNION_MEMBER_APPLY,22489,20465;22489
15066,CG_COUNTRY_WAR_UNION_MEMBER_APPLY_LIST,22490,20475;22490
15067,CG_COUNTRY_WAR_UNION_MEMBER_APPLY_DEAL,22491,20447;22491
15068,CG_COUNTRY_WAR_UNION_MEMBER_DELETE,22492,20453;22492;31767;31793
15069,CG_COUNTRY_WAR_UNION_MEMBER_EXIT,22493,20567;22493;31766;31794
15070,CG_COUNTRY_WAR_UNION_HEAD_CHANGE,22494,20459;22494;31768;31795
15071,CG_COUNTRY_WAR_TOP_PLAYER_LIST,22495,20692;22495
15072,CG_COUNTRY_WAR_TOP_COUNTRY_LIST,22496,20702;22496
15073,CG_COUNTRY_WAR_TOP_PEOPLE_COUNTRY_LIST,22497,20697;22497
15074,CG_COUNTRY_GET_VIP_ITEM,22498,22498
15075,CG_COUNTRY_GET_STORAGE_PET,22499,22499;176568
15076,CG_COUNTRY_GET_COMMAND_INFO_CREATE_WAR,22500,20687;22500
15077,CG_COUNTRY_SET_ONLINE_NOTIFY,22501,20610;22501;31742
15079,CG_COUNTRY_WAR_SOLDIER_RELIVE,22502,20518;22502;173602
15080,CG_COUNTRY_WAR_REDUCE_JOIN_CD,22503,20522;22503;173606
15501,CG_PET_CHANGE_NOTIFY,22504,22504;169461
15502,CG_PET_SEE,22505,19706;22505
15503,CG_SOLDIER_GROUP_LIST,22506,20149;22506;62355
15504,CG_SOLDIER_GROUP_INFO,22507,20167;22507;62385
15505,CG_SOLDIER_GROUP_BUY,22508,20155;22508;62477
15506,CG_SOLDIER_GROUP_MY_LIST_SLEEP,22509,20175;22509
15507,CG_SOLDIER_GROUP_MY_INFO,22510,20171;22510;62394
15508,CG_SOLDIER_STATE_SET,22511,20179;22511;62576
15509,CG_SOLDIER_STATE_NOTIFY,22512,22512;169507
15510,CG_SOLDIER_DELETE,22514,20183;22514;62603
15511,CG_PET_CHANGE_NAME,22515,20225;22515
15512,CG_PET_INFO,22516,19711;22516
15513,CG_SOLDIER_GROUP_MY_LIST_CHANGE_CAPTAIN,22517,22517
15514,CG_PET_INFO_BYID,22518,22518;36155
15515,CG_PET_EVOLVE,22519,22519
15516,CG_GET_SEAL_PET_SKILL,22520,22520;36208
15601,CG_LEGION_CHANGE_NOTIFY,22637,22637;79816
16001,CG_SYSTEM_HEART,22522,22522;116844;116863
16002,CG_SYSTEM_TEST_OPER,22524,21805;21809;22524;136307
16003,CG_SYSTE_TEST_SEND_SYSTEM_MAIL,22525,22525
16004,CG_SYSTEM_GET_ACTIVITY,22526,22526;108608
16005,CG_SYSTEM_GET_RAIDERS,22527,22527;78944
16006,CG_SYSTEM_SPECIALCODE,22528,20047;22528;31854
16007,CG_SYSTEM_BALLOT,22529,22529;31861;108705
16008,CG_SYSTEM_UPGRADE,22530,22530;92285
16009,CG_SYSTEM_GET_PET_RAIDERS,22531,22531;95509
16010,CG_SYSTEM_GET_MOUNT_RAIDERS,22532,22532;95596
16011,CG_SYSTEM_GET_VOCATION_RAIDERS,22533,22533
16012,CG_SYSTEM_ASK_VOCATION_RAIDERS,22534,22534
16013,CG_SYSTEM_VOCATION_RAIDERS_WORD,22535,22535
16014,CG_SYSTEM_GET_VOCATION_RAIDERS_WORD,22536,22536
16015,CG_SYSTEM_GET_RAIDERS_PLAYER,22537,22537
16016,CG_SYSTEM_GET_RAIDERS_PLAYER_PET,22538,22538
16017,CG_GET_TRADE_PLAT_SSO_URL,22135,22135
16018,CG_SYSTEM_GET_INVITE_CODE,22136,22136;31890
16019,CG_SYSTEM_REFRESH_MONEY1,22137,22137
16021,CG_SYSTEM_TIME,22523,22523;116843;116867
16022,CG_SYSTEM_SPECIALCODE_REWARD_INFO,22574,22574;191366;191844
16051,CG_HAND_BOOK_ITEM_INFO,22636,22636;186870
17001,CG_NEWBILL_LIST,22138,22138;146277
17002,CG_NEWBILL_BILL,22139,22139;146138
17006,CG_BILL_MO9,22143,22143
17009,CG_TENCENT_QUERY_BALANCE,22146,22146
17011,CG_HUAWEI_BILL_CHECK,22586,22586
17012,CG_VIVO_BILL_CHECK,22587,22587
17014,CG_CARD_BILL,22588,22588;191428;192296
17015,CG_DAILY_GIFT_PACK,22147,22147;148646;191391
17016,CG_RECHARGE_SUCCESS_PUSH,22140,22140;146072
17017,CG_RECHARGE_NORMAL_SIMPLE_INFO,22141,22141;146077;146232
17018,CG_RECHARGE_GROUP_BUY_SUBMIT,22142,22142;197131
17021,CG_RECHARGE_OPTIONAL_DRAW,22150,22150
17023,CG_FIRST_RECHARGE_GIFT,22126,22126;200756
17024,CG_BULK_BUY,22153,22153;201117
17025,CG_BATTLE_PASS_BUY,22154,22154;201553
17101,CG_DAILY_RECHARGE_ACT_LIST,22572,22572;191356;191639
17102,CG_DAILY_RECHARGE_BILL,22573,22573;148533;191361
17501,CG_GUESS_INFO,22575,22575;108958
17502,CG_GUESS_ENTER,22576,22576;109086
17503,CG_GUESS_FINISH,22577,22577;109199
17504,CG_PLUMBER_ENTER,22578,22578;109406
17505,CG_PLUMBER_FINISH,22579,22579;109600
17506,CG_LINKUP_ENTER,22580,22580
17507,CG_LINKUP_FINISH,22581,22581
17508,CG_FILP_ENTER,22582,22582
17509,CG_FILP_FINISH,22583,22583
17601,CG_HP_MP_PUSH,21978,19395;21978;141038
17604,CG_HKT_GM_MSG,22633,22633;141010
